mutation,ntpos,allele
M: I82T,26767,C
N: D377Y,29402,T
N: S235F,28977,T
ORF3a: G251V,26144,T
ORF3a: S26L,25469,T
ORF7a: V82A,27637,C
ORF8: L84S,28144,C
ORF8: R52I,28048,T
S HR1: D950N,24410,A
S HR1: D979E,24499,G
S HR1: S982A,24506,G
S NTD: D138Y,21974,T
S NTD: D253G,22320,G
S NTD: L18F,21614,T
S NTD: R246I,22299,C
S NTD: T20N,21621,A
S NTD: V143F,21989,T
S NTD: W152C.1,22018,C
S NTD: W152C.2,22018,T
S RBD: A520S,23120,T
S RBD: A522S,23126,T
S RBD: E484A,23013,C
S RBD: E484K,23012,A
S RBD: E484Q,23012,C
S RBD: F486L,23018,C
S RBD: F490L,23030,C
S RBD: F490S,23031,C
S RBD: G446V,22899,T
S RBD: K417N,22813,T
S RBD: K417T,22812,C
S RBD: L452R,22917,G
S RBD: N439K,22879,A
S RBD: N501Y,23063,T
S RBD: P384L,22713,T
S RBD: S477N,22992,A
S RBD: S494P,23042,C
S RBD: Y453F,22920,T
S: P681H,23604,A
S: P681R,23604,G
S: Q677H.1,23593,T
S: Q677H.2,23593,C
S: Q677P,23592,C