"","x"
"1","MCoV21115"
"2","MCoV21125"
"3","MCoV21142"
"4","MCoV21156"
"5","MCoV21157"
"6","MCoV21177"
"7","MCoV21199"
"8","MCoV28986"
"9","MCoV29004"
"10","MCoV29013"
"11","MCoV29024"
"12","MCoV29032"
"13","MCoV29037"
"14","MCoV29039"
"15","MCoV29040"
"16","MCoV29041"
"17","MCoV29066"
"18","MCoV29099"
"19","MCoV29104"
"20","MCoV29113"
"21","MCoV29135"
"22","MCoV29148"
"23","MCoV29149"
"24","MCoV29159"
"25","MCoV29177"
"26","MCoV29270"
"27","MCoV29298"
"28","MCoV29313"
"29","MCoV29409"
"30","MCoV29566"
"31","MCoV29614"
"32","MCoV29754"
"33","MCoV29811"
"34","MCoV29826"
"35","MCoV29837"
"36","MCoV30023"
"37","MCoV30041"
"38","MCoV30044"
"39","MCoV30128"
"40","MCoV30132"
"41","MCoV30190"
"42","MCoV30378"
"43","MCoV30502"
"44","MCoV30516"
"45","MCoV30539"
"46","MCoV30561"
"47","MCoV30641"
"48","MCoV30642"
"49","MCoV30679"
"50","MCoV30686"
"51","MCoV30688"
"52","MCoV30730"
"53","MCoV30765"
"54","MCoV30766"
"55","MCoV30818"
"56","MCoV30827"
"57","MCoV30875"
"58","MCoV30896"
"59","MCoV30912"
"60","MCoV30913"
"61","MCoV30915"
"62","MCoV30916"
"63","MCoV30922"
"64","MCoV30923"
"65","MCoV30941"
"66","MCoV30947"
"67","MCoV30958"
"68","MCoV30961"
"69","MCoV30962"
"70","MCoV30984"
"71","MCoV30987"
"72","MCoV30995"
"73","MCoV31018"
"74","MCoV31024"
"75","MCoV31045"
"76","MCoV31055"
"77","MCoV31057"
"78","MCoV31058"
"79","MCoV31069"
"80","MCoV31101"
"81","MCoV31122"
"82","MCoV31158"
"83","MCoV31168"
"84","MCoV31176"
"85","MCoV31192"
"86","MCoV31198"
"87","MCoV31203"
"88","MCoV31205"
"89","MCoV31207"
"90","MCoV31211"
"91","MCoV31232"
"92","MCoV31233"
"93","MCoV31236"
"94","MCoV31245"
"95","MCoV31247"
"96","MCoV31249"
"97","MCoV31256"
"98","MCoV31287"
"99","MCoV31316"
"100","MCoV31326"
"101","MCoV31348"
"102","MCoV31388"
"103","MCoV31389"
"104","MCoV31530"
"105","MCoV31547"
"106","MCoV31570"
"107","MCoV31574"
"108","MCoV31660"
"109","MCoV31663"
"110","MCoV31718"
"111","MCoV31729"
"112","MCoV31730"
"113","MCoV31788"
"114","MCoV31790"
"115","MCoV31794"
"116","MCoV31797"
"117","MCoV31803"
"118","MCoV31810"
"119","MCoV31812"
"120","MCoV31817"
"121","MCoV31818"
"122","MCoV31819"
"123","MCoV31822"
"124","MCoV31827"
"125","MCoV31828"
"126","MCoV31837"
"127","MCoV31838"
"128","MCoV31839"
"129","MCoV31843"
"130","MCoV31852"
"131","MCoV31854"
"132","MCoV31856"
"133","MCoV31918"
"134","MCoV31920"
"135","MCoV31928"
"136","MCoV31929"
"137","MCoV31943"
"138","MCoV31946"
"139","MCoV31954"
"140","MCoV31958"
"141","MCoV31962"
"142","MCoV31975"
"143","MCoV31977"
"144","MCoV32010"
"145","MCoV32011"
"146","MCoV32015"
"147","MCoV32018"
"148","MCoV32042"
"149","MCoV32059"
"150","MCoV32078"
"151","MCoV32108"
"152","MCoV32116"
"153","MCoV32135"
"154","MCoV32145"
"155","MCoV32163"
"156","MCoV32167"
"157","MCoV32173"
"158","MCoV32177"
"159","MCoV32183"
"160","MCoV32188"
"161","MCoV32193"
"162","MCoV32196"
"163","MCoV32199"
"164","MCoV32206"
"165","MCoV32207"
"166","MCoV32213"
"167","MCoV32225"
"168","MCoV32227"
"169","MCoV32233"
"170","MCoV32235"
"171","MCoV32241"
"172","MCoV32244"
"173","MCoV32260"
"174","MCoV32261"
"175","MCoV32274"
"176","MCoV32284"
"177","MCoV32288"
"178","MCoV32300"
"179","MCoV32319"
"180","MCoV32353"
"181","MCoV32362"
"182","MCoV32381"
"183","MCoV32393"
"184","MCoV32397"
"185","MCoV32400"
"186","MCoV32431"
"187","MCoV32455"
"188","MCoV32481"
"189","MCoV32491"
"190","MCoV32514"
"191","MCoV32523"
"192","MCoV32524"
"193","MCoV32534"
"194","MCoV32544"
"195","MCoV32546"
"196","MCoV32596"
"197","MCoV32625"
"198","MCoV32632"
"199","MCoV32633"
"200","MCoV32715"
"201","MCoV32721"
"202","MCoV32732"
"203","MCoV32736"
"204","MCoV32742"
"205","MCoV32748"
"206","MCoV32773"
"207","MCoV32801"
"208","MCoV32802"
"209","MCoV32805"
"210","MCoV33014"
"211","MCoV33120"
"212","MCoV33126"
"213","MCoV33162"
"214","MCoV33173"
"215","MCoV33230"
"216","MCoV33257"
"217","MCoV35422"
"218","MCoV35545"
"219","MCoV35548"
"220","MCoV35559"
"221","MCoV35560"
"222","MCoV35561"
"223","MCoV35562"
"224","MCoV35564"
"225","MCoV35565"
"226","MCoV35566"
"227","MCoV35568"
"228","MCoV35570"
"229","MCoV35592"
"230","MCoV35687"
"231","MCoV33351"
"232","MCoV33364"
"233","MCoV33422"
"234","MCoV33462"
"235","MCoV33615"
"236","MCoV33624"
"237","MCoV33638"
"238","MCoV33639"
"239","MCoV33644"
"240","MCoV33646"
"241","MCoV33664"
"242","MCoV33665"
"243","MCoV33682"
"244","MCoV33683"
"245","MCoV33687"
"246","MCoV33688"
"247","MCoV33702"
"248","MCoV33708"
"249","MCoV33736"
"250","MCoV33748"
"251","MCoV33757"
"252","MCoV33773"
"253","MCoV33775"
"254","MCoV35718"
"255","MCoV35788"
"256","MCoV36087"
"257","MCoV36091"
"258","MCoV36099"
"259","MCoV36173"
"260","MCoV36211"
"261","MCoV36238"
"262","MCoV36244"
"263","MCoV36268"
"264","MCoV36275"
"265","MCoV33809"
"266","MCoV37282"
"267","MCoV34316"
"268","MCoV34337"
"269","MCoV34353"
"270","MCoV34363"
"271","MCoV34367"
"272","MCoV34375"
"273","MCoV34376"
"274","MCoV34378"
"275","MCoV34388"
"276","MCoV34395"
"277","MCoV34471"
"278","MCoV34485"
"279","MCoV34488"
"280","MCoV34496"
"281","MCoV34503"
"282","MCoV34510"
"283","MCoV34519"
"284","MCoV34524"
"285","MCoV34530"
"286","MCoV34538"
"287","MCoV34541"
"288","MCoV35822"
"289","MCoV35841"
"290","MCoV35845"
"291","MCoV35854"
"292","MCoV35865"
"293","MCoV35881"
"294","MCoV35886"
"295","MCoV35888"
"296","MCoV35889"
"297","MCoV35901"
"298","MCoV35916"
"299","MCoV35948"
"300","MCoV35958"
"301","MCoV35960"
"302","MCoV35971"
"303","MCoV38016"
"304","MCoV38095"
"305","MCoV38098"
"306","MCoV38138"
"307","MCoV38164"
"308","MCoV38174"
"309","MCoV38188"
"310","MCoV38189"
"311","MCoV38190"
"312","MCoV38275"
"313","MCoV38284"
"314","MCoV37009"
"315","MCoV37014"
"316","MCoV37041"
"317","MCoV37386"
"318","MCoV37413"
"319","MCoV37489"
"320","MCoV42250"
"321","MCoV41432"
"322","MCoV40438"
"323","MCoV40534"
"324","MCoV40570"
"325","MCoV40892"
"326","MCoV40895"
"327","MCoV40904"
"328","MCoV40917"
"329","MCoV40976"
"330","MCoV40977"
"331","MCoV40982"
"332","MCoV42342"
"333","MCoV42926"
"334","MCoV42954"
"335","MCoV42961"
"336","MCoV42983"
"337","MCoV43055"
"338","MCoV43097"
"339","MCoV43111"
"340","MCoV41007"
"341","MCoV41540"
"342","MCoV41568"
"343","MCoV41569"
"344","MCoV41586"
"345","MCoV41588"
"346","MCoV41590"
"347","MCoV41594"
"348","MCoV45491"
"349","MCoV45493"
"350","MCoV45565"
"351","MCoV44611"
"352","MCoV44775"
"353","MCoV44784"
"354","MCoV45060"
"355","MCoV45265"
"356","MCoV45268"
"357","MCoV45314"
"358","MCoV45325"
